country,province,date,day_since100,case_cnt,death_cnt,new_hospitalization,total_hospitalization,new_icu,total_icu,new_recovered,total_recovered
brasilia,santa_maria,2020-03-09,-679,1,0,,,,,,
brasilia,santa_maria,2020-03-12,-676,1,0,,,,,,
brasilia,santa_maria,2020-03-14,-674,1,0,,,,,,
brasilia,santa_maria,2020-03-16,-672,1,0,,,,,,
brasilia,santa_maria,2020-03-18,-670,1,0,,,,,,
brasilia,santa_maria,2020-03-19,-669,1,0,,,,,,
brasilia,santa_maria,2020-03-20,-668,2,0,,,,,,
brasilia,santa_maria,2020-03-21,-667,1,0,,,,,,
brasilia,santa_maria,2020-03-23,-665,1,1,,,,,,
brasilia,santa_maria,2020-03-24,-664,3,1,,,,,,
brasilia,santa_maria,2020-03-25,-663,2,0,,,,,,
brasilia,santa_maria,2020-03-27,-661,1,0,,,,,,
brasilia,santa_maria,2020-03-29,-659,1,0,,,,,,
brasilia,santa_maria,2020-03-30,-658,1,0,,,,,,
brasilia,santa_maria,2020-03-31,-657,1,0,,,,,,
brasilia,santa_maria,2020-04-01,-656,4,0,,,,,,
brasilia,santa_maria,2020-04-02,-655,4,0,,,,,,
brasilia,santa_maria,2020-04-03,-654,3,0,,,,,,
brasilia,santa_maria,2020-04-04,-653,2,0,,,,,,
brasilia,santa_maria,2020-04-06,-651,1,0,,,,,,
brasilia,santa_maria,2020-04-07,-650,3,0,,,,,,
brasilia,santa_maria,2020-04-08,-649,1,0,,,,,,
brasilia,santa_maria,2020-04-10,-647,2,0,,,,,,
brasilia,santa_maria,2020-04-11,-646,1,0,,,,,,
brasilia,santa_maria,2020-04-12,-645,2,0,,,,,,
brasilia,santa_maria,2020-04-13,-644,5,0,,,,,,
brasilia,santa_maria,2020-04-14,-643,2,0,,,,,,
brasilia,santa_maria,2020-04-15,-642,7,0,,,,,,
brasilia,santa_maria,2020-04-16,-641,2,0,,,,,,
brasilia,santa_maria,2020-04-17,-640,2,0,,,,,,
brasilia,santa_maria,2020-04-18,-639,3,0,,,,,,
brasilia,santa_maria,2020-04-19,-638,1,0,,,,,,
brasilia,santa_maria,2020-04-20,-637,7,0,,,,,,
brasilia,santa_maria,2020-04-21,-636,4,0,,,,,,
brasilia,santa_maria,2020-04-22,-635,5,1,,,,,,
brasilia,santa_maria,2020-04-23,-634,4,0,,,,,,
brasilia,santa_maria,2020-04-24,-633,4,0,,,,,,
brasilia,santa_maria,2020-04-25,-632,6,0,,,,,,
brasilia,santa_maria,2020-04-26,-631,4,0,,,,,,
brasilia,santa_maria,2020-04-27,-630,3,0,,,,,,
brasilia,santa_maria,2020-04-28,-629,4,0,,,,,,
brasilia,santa_maria,2020-04-29,-628,5,2,,,,,,
brasilia,santa_maria,2020-04-30,-627,2,0,,,,,,
brasilia,santa_maria,2020-05-01,-626,7,0,,,,,,
brasilia,santa_maria,2020-05-02,-625,4,0,,,,,,
brasilia,santa_maria,2020-05-03,-624,4,0,,,,,,
brasilia,santa_maria,2020-05-04,-623,5,0,,,,,,
brasilia,santa_maria,2020-05-05,-622,7,0,,,,,,
brasilia,santa_maria,2020-05-06,-621,9,0,,,,,,
brasilia,santa_maria,2020-05-07,-620,15,0,,,,,,
brasilia,santa_maria,2020-05-08,-619,12,1,,,,,,
brasilia,santa_maria,2020-05-09,-618,5,1,,,,,,
brasilia,santa_maria,2020-05-10,-617,6,0,,,,,,
brasilia,santa_maria,2020-05-11,-616,17,1,,,,,,
brasilia,santa_maria,2020-05-12,-615,14,0,,,,,,
brasilia,santa_maria,2020-05-13,-614,20,0,,,,,,
brasilia,santa_maria,2020-05-14,-613,14,0,,,,,,
brasilia,santa_maria,2020-05-15,-612,16,0,,,,,,
brasilia,santa_maria,2020-05-16,-611,16,2,,,,,,
brasilia,santa_maria,2020-05-17,-610,10,0,,,,,,
brasilia,santa_maria,2020-05-18,-609,20,0,,,,,,
brasilia,santa_maria,2020-05-19,-608,15,0,,,,,,
brasilia,santa_maria,2020-05-20,-607,23,0,,,,,,
brasilia,santa_maria,2020-05-21,-606,11,1,,,,,,
brasilia,santa_maria,2020-05-22,-605,22,0,,,,,,
brasilia,santa_maria,2020-05-23,-604,13,0,,,,,,
brasilia,santa_maria,2020-05-24,-603,18,0,,,,,,
brasilia,santa_maria,2020-05-25,-602,32,0,,,,,,
brasilia,santa_maria,2020-05-26,-601,28,0,,,,,,
brasilia,santa_maria,2020-05-27,-600,36,1,,,,,,
brasilia,santa_maria,2020-05-28,-599,21,0,,,,,,
brasilia,santa_maria,2020-05-29,-598,41,0,,,,,,
brasilia,santa_maria,2020-05-30,-597,36,0,,,,,,
brasilia,santa_maria,2020-05-31,-596,32,2,,,,,,
brasilia,santa_maria,2020-06-01,-595,60,4,,,,,,
brasilia,santa_maria,2020-06-02,-594,59,1,,,,,,
brasilia,santa_maria,2020-06-03,-593,55,0,,,,,,
brasilia,santa_maria,2020-06-04,-592,55,2,,,,,,
brasilia,santa_maria,2020-06-05,-591,49,0,,,,,,
brasilia,santa_maria,2020-06-06,-590,35,0,,,,,,
brasilia,santa_maria,2020-06-07,-589,26,1,,,,,,
brasilia,santa_maria,2020-06-08,-588,73,2,,,,,,
brasilia,santa_maria,2020-06-09,-587,96,1,,,,,,
brasilia,santa_maria,2020-06-10,-586,65,2,,,,,,
brasilia,santa_maria,2020-06-11,-585,41,1,,,,,,
brasilia,santa_maria,2020-06-12,-584,45,1,,,,,,
brasilia,santa_maria,2020-06-13,-583,33,0,,,,,,
brasilia,santa_maria,2020-06-14,-582,45,2,,,,,,
brasilia,santa_maria,2020-06-15,-581,80,3,,,,,,
brasilia,santa_maria,2020-06-16,-580,72,1,,,,,,
brasilia,santa_maria,2020-06-17,-579,75,3,,,,,,
brasilia,santa_maria,2020-06-18,-578,71,2,,,,,,
brasilia,santa_maria,2020-06-19,-577,65,5,,,,,,
brasilia,santa_maria,2020-06-20,-576,54,1,,,,,,
brasilia,santa_maria,2020-06-21,-575,33,1,,,,,,
brasilia,santa_maria,2020-06-22,-574,66,0,,,,,,
brasilia,santa_maria,2020-06-23,-573,48,2,,,,,,
brasilia,santa_maria,2020-06-24,-572,51,1,,,,,,
brasilia,santa_maria,2020-06-25,-571,56,2,,,,,,
brasilia,santa_maria,2020-06-26,-570,55,4,,,,,,
brasilia,santa_maria,2020-06-27,-569,28,0,,,,,,
brasilia,santa_maria,2020-06-28,-568,26,2,,,,,,
brasilia,santa_maria,2020-06-29,-567,58,1,,,,,,
brasilia,santa_maria,2020-06-30,-566,68,3,,,,,,
brasilia,santa_maria,2020-07-01,-565,72,2,,,,,,
brasilia,santa_maria,2020-07-02,-564,69,0,,,,,,
brasilia,santa_maria,2020-07-03,-563,55,1,,,,,,
brasilia,santa_maria,2020-07-04,-562,43,2,,,,,,
brasilia,santa_maria,2020-07-05,-561,50,1,,,,,,
brasilia,santa_maria,2020-07-06,-560,93,6,,,,,,
brasilia,santa_maria,2020-07-07,-559,63,0,,,,,,
brasilia,santa_maria,2020-07-08,-558,67,3,,,,,,
brasilia,santa_maria,2020-07-09,-557,66,3,,,,,,
brasilia,santa_maria,2020-07-10,-556,92,3,,,,,,
brasilia,santa_maria,2020-07-11,-555,36,1,,,,,,
brasilia,santa_maria,2020-07-12,-554,52,4,,,,,,
brasilia,santa_maria,2020-07-13,-553,70,1,,,,,,
brasilia,santa_maria,2020-07-14,-552,65,1,,,,,,
brasilia,santa_maria,2020-07-15,-551,74,2,,,,,,
brasilia,santa_maria,2020-07-16,-550,51,0,,,,,,
brasilia,santa_maria,2020-07-17,-549,74,3,,,,,,
brasilia,santa_maria,2020-07-18,-548,56,2,,,,,,
brasilia,santa_maria,2020-07-19,-547,43,3,,,,,,
brasilia,santa_maria,2020-07-20,-546,71,4,,,,,,
brasilia,santa_maria,2020-07-21,-545,60,1,,,,,,
brasilia,santa_maria,2020-07-22,-544,55,4,,,,,,
brasilia,santa_maria,2020-07-23,-543,76,1,,,,,,
brasilia,santa_maria,2020-07-24,-542,55,1,,,,,,
brasilia,santa_maria,2020-07-25,-541,41,0,,,,,,
brasilia,santa_maria,2020-07-26,-540,33,2,,,,,,
brasilia,santa_maria,2020-07-27,-539,73,2,,,,,,
brasilia,santa_maria,2020-07-28,-538,77,1,,,,,,
brasilia,santa_maria,2020-07-29,-537,80,2,,,,,,
brasilia,santa_maria,2020-07-30,-536,66,2,,,,,,
brasilia,santa_maria,2020-07-31,-535,54,0,,,,,,
brasilia,santa_maria,2020-08-01,-534,56,1,,,,,,
brasilia,santa_maria,2020-08-02,-533,40,2,,,,,,
brasilia,santa_maria,2020-08-03,-532,74,1,,,,,,
brasilia,santa_maria,2020-08-04,-531,54,1,,,,,,
brasilia,santa_maria,2020-08-05,-530,63,0,,,,,,
brasilia,santa_maria,2020-08-06,-529,49,1,,,,,,
brasilia,santa_maria,2020-08-07,-528,56,1,,,,,,
brasilia,santa_maria,2020-08-08,-527,54,3,,,,,,
brasilia,santa_maria,2020-08-09,-526,39,0,,,,,,
brasilia,santa_maria,2020-08-10,-525,97,4,,,,,,
brasilia,santa_maria,2020-08-11,-524,60,4,,,,,,
brasilia,santa_maria,2020-08-12,-523,72,3,,,,,,
brasilia,santa_maria,2020-08-13,-522,51,3,,,,,,
brasilia,santa_maria,2020-08-14,-521,96,0,,,,,,
brasilia,santa_maria,2020-08-15,-520,34,0,,,,,,
brasilia,santa_maria,2020-08-16,-519,36,0,,,,,,
brasilia,santa_maria,2020-08-17,-518,60,1,,,,,,
brasilia,santa_maria,2020-08-18,-517,56,0,,,,,,
brasilia,santa_maria,2020-08-19,-516,61,2,,,,,,
brasilia,santa_maria,2020-08-20,-515,64,3,,,,,,
brasilia,santa_maria,2020-08-21,-514,56,0,,,,,,
brasilia,santa_maria,2020-08-22,-513,50,0,,,,,,
brasilia,santa_maria,2020-08-23,-512,40,0,,,,,,
brasilia,santa_maria,2020-08-24,-511,54,0,,,,,,
brasilia,santa_maria,2020-08-25,-510,65,2,,,,,,
brasilia,santa_maria,2020-08-26,-509,85,2,,,,,,
brasilia,santa_maria,2020-08-27,-508,89,0,,,,,,
brasilia,santa_maria,2020-08-28,-507,49,0,,,,,,
brasilia,santa_maria,2020-08-29,-506,28,2,,,,,,
brasilia,santa_maria,2020-08-30,-505,30,1,,,,,,
brasilia,santa_maria,2020-08-31,-504,53,2,,,,,,
brasilia,santa_maria,2020-09-01,-503,60,2,,,,,,
brasilia,santa_maria,2020-09-02,-502,55,2,,,,,,
brasilia,santa_maria,2020-09-03,-501,39,0,,,,,,
brasilia,santa_maria,2020-09-04,-500,41,2,,,,,,
brasilia,santa_maria,2020-09-05,-499,44,0,,,,,,
brasilia,santa_maria,2020-09-06,-498,36,2,,,,,,
brasilia,santa_maria,2020-09-07,-497,43,3,,,,,,
brasilia,santa_maria,2020-09-08,-496,43,0,,,,,,
brasilia,santa_maria,2020-09-09,-495,37,0,,,,,,
brasilia,santa_maria,2020-09-10,-494,56,0,,,,,,
brasilia,santa_maria,2020-09-11,-493,48,1,,,,,,
brasilia,santa_maria,2020-09-12,-492,23,1,,,,,,
brasilia,santa_maria,2020-09-13,-491,35,1,,,,,,
brasilia,santa_maria,2020-09-14,-490,30,0,,,,,,
brasilia,santa_maria,2020-09-15,-489,33,0,,,,,,
brasilia,santa_maria,2020-09-16,-488,39,0,,,,,,
brasilia,santa_maria,2020-09-17,-487,35,0,,,,,,
brasilia,santa_maria,2020-09-18,-486,32,0,,,,,,
brasilia,santa_maria,2020-09-19,-485,26,0,,,,,,
brasilia,santa_maria,2020-09-20,-484,21,0,,,,,,
brasilia,santa_maria,2020-09-21,-483,43,0,,,,,,
brasilia,santa_maria,2020-09-22,-482,31,1,,,,,,
brasilia,santa_maria,2020-09-23,-481,38,0,,,,,,
brasilia,santa_maria,2020-09-24,-480,31,1,,,,,,
brasilia,santa_maria,2020-09-25,-479,38,0,,,,,,
brasilia,santa_maria,2020-09-26,-478,20,2,,,,,,
brasilia,santa_maria,2020-09-27,-477,20,2,,,,,,
brasilia,santa_maria,2020-09-28,-476,40,0,,,,,,
brasilia,santa_maria,2020-09-29,-475,27,0,,,,,,
brasilia,santa_maria,2020-09-30,-474,21,1,,,,,,
brasilia,santa_maria,2020-10-01,-473,16,0,,,,,,
brasilia,santa_maria,2020-10-02,-472,22,0,,,,,,
brasilia,santa_maria,2020-10-03,-471,12,0,,,,,,
brasilia,santa_maria,2020-10-04,-470,8,0,,,,,,
brasilia,santa_maria,2020-10-05,-469,20,0,,,,,,
brasilia,santa_maria,2020-10-06,-468,28,0,,,,,,
brasilia,santa_maria,2020-10-07,-467,22,0,,,,,,
brasilia,santa_maria,2020-10-08,-466,19,0,,,,,,
brasilia,santa_maria,2020-10-09,-465,29,0,,,,,,
brasilia,santa_maria,2020-10-10,-464,17,0,,,,,,
brasilia,santa_maria,2020-10-11,-463,19,1,,,,,,
brasilia,santa_maria,2020-10-12,-462,8,0,,,,,,
brasilia,santa_maria,2020-10-13,-461,21,0,,,,,,
brasilia,santa_maria,2020-10-14,-460,23,0,,,,,,
brasilia,santa_maria,2020-10-15,-459,25,0,,,,,,
brasilia,santa_maria,2020-10-16,-458,22,0,,,,,,
brasilia,santa_maria,2020-10-17,-457,33,0,,,,,,
brasilia,santa_maria,2020-10-18,-456,25,0,,,,,,
brasilia,santa_maria,2020-10-19,-455,15,0,,,,,,
brasilia,santa_maria,2020-10-20,-454,12,0,,,,,,
brasilia,santa_maria,2020-10-21,-453,16,0,,,,,,
brasilia,santa_maria,2020-10-22,-452,18,1,,,,,,
brasilia,santa_maria,2020-10-23,-451,21,0,,,,,,
brasilia,santa_maria,2020-10-24,-450,16,0,,,,,,
brasilia,santa_maria,2020-10-25,-449,15,0,,,,,,
brasilia,santa_maria,2020-10-26,-448,14,0,,,,,,
brasilia,santa_maria,2020-10-27,-447,14,1,,,,,,
brasilia,santa_maria,2020-10-28,-446,17,2,,,,,,
brasilia,santa_maria,2020-10-29,-445,14,1,,,,,,
brasilia,santa_maria,2020-10-30,-444,15,0,,,,,,
brasilia,santa_maria,2020-10-31,-443,7,0,,,,,,
brasilia,santa_maria,2020-11-01,-442,16,0,,,,,,
brasilia,santa_maria,2020-11-02,-441,8,1,,,,,,
brasilia,santa_maria,2020-11-03,-440,14,0,,,,,,
brasilia,santa_maria,2020-11-04,-439,7,0,,,,,,
brasilia,santa_maria,2020-11-05,-438,8,0,,,,,,
brasilia,santa_maria,2020-11-06,-437,30,1,,,,,,
brasilia,santa_maria,2020-11-07,-436,18,0,,,,,,
brasilia,santa_maria,2020-11-08,-435,5,0,,,,,,
brasilia,santa_maria,2020-11-09,-434,5,0,,,,,,
brasilia,santa_maria,2020-11-10,-433,15,0,,,,,,
brasilia,santa_maria,2020-11-11,-432,14,0,,,,,,
brasilia,santa_maria,2020-11-12,-431,19,0,,,,,,
brasilia,santa_maria,2020-11-13,-430,7,0,,,,,,
brasilia,santa_maria,2020-11-14,-429,3,0,,,,,,
brasilia,santa_maria,2020-11-15,-428,12,0,,,,,,
brasilia,santa_maria,2020-11-16,-427,21,0,,,,,,
brasilia,santa_maria,2020-11-17,-426,17,0,,,,,,
brasilia,santa_maria,2020-11-18,-425,17,1,,,,,,
brasilia,santa_maria,2020-11-19,-424,13,0,,,,,,
brasilia,santa_maria,2020-11-20,-423,23,0,,,,,,
brasilia,santa_maria,2020-11-21,-422,26,0,,,,,,
brasilia,santa_maria,2020-11-22,-421,22,2,,,,,,
brasilia,santa_maria,2020-11-23,-420,14,0,,,,,,
brasilia,santa_maria,2020-11-24,-419,15,0,,,,,,
brasilia,santa_maria,2020-11-25,-418,19,0,,,,,,
brasilia,santa_maria,2020-11-26,-417,14,0,,,,,,
brasilia,santa_maria,2020-11-27,-416,7,0,,,,,,
brasilia,santa_maria,2020-11-28,-415,14,1,,,,,,
brasilia,santa_maria,2020-11-29,-414,21,0,,,,,,
brasilia,santa_maria,2020-11-30,-413,22,1,,,,,,
brasilia,santa_maria,2020-12-01,-412,26,1,,,,,,
brasilia,santa_maria,2020-12-02,-411,24,0,,,,,,
brasilia,santa_maria,2020-12-03,-410,16,0,,,,,,
brasilia,santa_maria,2020-12-04,-409,25,0,,,,,,
brasilia,santa_maria,2020-12-05,-408,21,0,,,,,,
brasilia,santa_maria,2020-12-06,-407,20,0,,,,,,
brasilia,santa_maria,2020-12-07,-406,25,1,,,,,,
brasilia,santa_maria,2020-12-08,-405,25,0,,,,,,
brasilia,santa_maria,2020-12-09,-404,18,0,,,,,,
brasilia,santa_maria,2020-12-10,-403,22,0,,,,,,
brasilia,santa_maria,2020-12-11,-402,29,0,,,,,,
brasilia,santa_maria,2020-12-12,-401,29,0,,,,,,
brasilia,santa_maria,2020-12-13,-400,23,0,,,,,,
brasilia,santa_maria,2020-12-14,-399,18,2,,,,,,
brasilia,santa_maria,2020-12-15,-398,19,0,,,,,,
brasilia,santa_maria,2020-12-16,-397,8,0,,,,,,
brasilia,santa_maria,2020-12-17,-396,19,0,,,,,,
brasilia,santa_maria,2020-12-18,-395,12,0,,,,,,
brasilia,santa_maria,2020-12-19,-394,17,1,,,,,,
brasilia,santa_maria,2020-12-20,-393,19,0,,,,,,
brasilia,santa_maria,2020-12-21,-392,8,0,,,,,,
brasilia,santa_maria,2020-12-22,-391,13,1,,,,,,
brasilia,santa_maria,2020-12-23,-390,8,0,,,,,,
brasilia,santa_maria,2020-12-24,-389,12,0,,,,,,
brasilia,santa_maria,2020-12-25,-388,29,0,,,,,,
brasilia,santa_maria,2020-12-26,-387,20,0,,,,,,
brasilia,santa_maria,2020-12-27,-386,18,1,,,,,,
brasilia,santa_maria,2020-12-28,-385,14,0,,,,,,
brasilia,santa_maria,2020-12-29,-384,12,0,,,,,,
brasilia,santa_maria,2020-12-30,-383,12,0,,,,,,
brasilia,santa_maria,2020-12-31,-382,18,1,,,,,,
brasilia,santa_maria,2021-01-01,-381,30,0,,,,,,
brasilia,santa_maria,2021-01-02,-380,23,0,,,,,,
brasilia,santa_maria,2021-01-03,-379,20,1,,,,,,
brasilia,santa_maria,2021-01-04,-378,28,1,,,,,,
brasilia,santa_maria,2021-01-05,-377,26,1,,,,,,
brasilia,santa_maria,2021-01-06,-376,21,0,,,,,,
brasilia,santa_maria,2021-01-07,-375,14,0,,,,,,
brasilia,santa_maria,2021-01-08,-374,32,0,,,,,,
brasilia,santa_maria,2021-01-09,-373,32,0,,,,,,
brasilia,santa_maria,2021-01-10,-372,34,1,,,,,,
brasilia,santa_maria,2021-01-11,-371,21,2,,,,,,
brasilia,santa_maria,2021-01-12,-370,45,0,,,,,,
brasilia,santa_maria,2021-01-13,-369,25,0,,,,,,
brasilia,santa_maria,2021-01-14,-368,17,0,,,,,,
brasilia,santa_maria,2021-01-15,-367,43,0,,,,,,
brasilia,santa_maria,2021-01-16,-366,29,0,,,,,,
brasilia,santa_maria,2021-01-17,-365,15,0,,,,,,
brasilia,santa_maria,2021-01-18,-364,27,1,,,,,,
brasilia,santa_maria,2021-01-19,-363,24,0,,,,,,
brasilia,santa_maria,2021-01-20,-362,21,0,,,,,,
brasilia,santa_maria,2021-01-21,-361,14,0,,,,,,
brasilia,santa_maria,2021-01-22,-360,21,0,,,,,,
brasilia,santa_maria,2021-01-23,-359,12,0,,,,,,
brasilia,santa_maria,2021-01-24,-358,17,0,,,,,,
brasilia,santa_maria,2021-01-25,-357,16,0,,,,,,
brasilia,santa_maria,2021-01-26,-356,5,0,,,,,,
brasilia,santa_maria,2021-01-27,-355,14,0,,,,,,
brasilia,santa_maria,2021-01-28,-354,10,0,,,,,,
brasilia,santa_maria,2021-01-29,-353,11,1,,,,,,
brasilia,santa_maria,2021-01-30,-352,8,0,,,,,,
brasilia,santa_maria,2021-01-31,-351,13,0,,,,,,
brasilia,santa_maria,2021-02-01,-350,18,0,,,,,,
brasilia,santa_maria,2021-02-02,-349,7,0,,,,,,
brasilia,santa_maria,2021-02-03,-348,14,1,,,,,,
brasilia,santa_maria,2021-02-04,-347,7,0,,,,,,
brasilia,santa_maria,2021-02-05,-346,10,0,,,,,,
brasilia,santa_maria,2021-02-06,-345,7,0,,,,,,
brasilia,santa_maria,2021-02-07,-344,10,0,,,,,,
brasilia,santa_maria,2021-02-08,-343,14,0,,,,,,
brasilia,santa_maria,2021-02-09,-342,17,2,,,,,,
brasilia,santa_maria,2021-02-10,-341,20,0,,,,,,
brasilia,santa_maria,2021-02-11,-340,14,1,,,,,,
brasilia,santa_maria,2021-02-12,-339,16,0,,,,,,
brasilia,santa_maria,2021-02-13,-338,16,0,,,,,,
brasilia,santa_maria,2021-02-14,-337,23,1,,,,,,
brasilia,santa_maria,2021-02-15,-336,30,0,,,,,,
brasilia,santa_maria,2021-02-16,-335,15,0,,,,,,
brasilia,santa_maria,2021-02-17,-334,16,1,,,,,,
brasilia,santa_maria,2021-02-18,-333,14,0,,,,,,
brasilia,santa_maria,2021-02-19,-332,22,0,,,,,,
brasilia,santa_maria,2021-02-20,-331,14,2,,,,,,
brasilia,santa_maria,2021-02-21,-330,12,2,,,,,,
brasilia,santa_maria,2021-02-22,-329,24,4,,,,,,
brasilia,santa_maria,2021-02-23,-328,34,3,,,,,,
brasilia,santa_maria,2021-02-24,-327,18,1,,,,,,
brasilia,santa_maria,2021-02-25,-326,22,1,,,,,,
brasilia,santa_maria,2021-02-26,-325,28,1,,,,,,
brasilia,santa_maria,2021-02-27,-324,40,6,,,,,,
brasilia,santa_maria,2021-02-28,-323,30,1,,,,,,
brasilia,santa_maria,2021-03-01,-322,47,3,,,,,,
brasilia,santa_maria,2021-03-02,-321,25,1,,,,,,
brasilia,santa_maria,2021-03-03,-320,30,2,,,,,,
brasilia,santa_maria,2021-03-04,-319,28,3,,,,,,
brasilia,santa_maria,2021-03-05,-318,45,0,,,,,,
brasilia,santa_maria,2021-03-06,-317,52,2,,,,,,
brasilia,santa_maria,2021-03-07,-316,32,2,,,,,,
brasilia,santa_maria,2021-03-08,-315,55,5,,,,,,
brasilia,santa_maria,2021-03-09,-314,40,1,,,,,,
brasilia,santa_maria,2021-03-10,-313,49,3,,,,,,
brasilia,santa_maria,2021-03-11,-312,45,3,,,,,,
brasilia,santa_maria,2021-03-12,-311,50,3,,,,,,
brasilia,santa_maria,2021-03-13,-310,43,3,,,,,,
brasilia,santa_maria,2021-03-14,-309,22,3,,,,,,
brasilia,santa_maria,2021-03-15,-308,56,3,,,,,,
brasilia,santa_maria,2021-03-16,-307,38,3,,,,,,
brasilia,santa_maria,2021-03-17,-306,32,1,,,,,,
brasilia,santa_maria,2021-03-18,-305,25,3,,,,,,
brasilia,santa_maria,2021-03-19,-304,44,3,,,,,,
brasilia,santa_maria,2021-03-20,-303,45,2,,,,,,
brasilia,santa_maria,2021-03-21,-302,33,4,,,,,,
brasilia,santa_maria,2021-03-22,-301,40,1,,,,,,
brasilia,santa_maria,2021-03-23,-300,44,4,,,,,,
brasilia,santa_maria,2021-03-24,-299,36,0,,,,,,
brasilia,santa_maria,2021-03-25,-298,30,3,,,,,,
brasilia,santa_maria,2021-03-26,-297,50,2,,,,,,
brasilia,santa_maria,2021-03-27,-296,32,1,,,,,,
brasilia,santa_maria,2021-03-28,-295,26,1,,,,,,
brasilia,santa_maria,2021-03-29,-294,51,3,,,,,,
brasilia,santa_maria,2021-03-30,-293,38,6,,,,,,
brasilia,santa_maria,2021-03-31,-292,24,2,,,,,,
brasilia,santa_maria,2021-04-01,-291,41,5,,,,,,
brasilia,santa_maria,2021-04-02,-290,37,5,,,,,,
brasilia,santa_maria,2021-04-03,-289,32,0,,,,,,
brasilia,santa_maria,2021-04-04,-288,26,1,,,,,,
brasilia,santa_maria,2021-04-05,-287,58,0,,,,,,
brasilia,santa_maria,2021-04-06,-286,44,3,,,,,,
brasilia,santa_maria,2021-04-07,-285,35,2,,,,,,
brasilia,santa_maria,2021-04-08,-284,24,2,,,,,,
brasilia,santa_maria,2021-04-09,-283,50,0,,,,,,
brasilia,santa_maria,2021-04-10,-282,33,0,,,,,,
brasilia,santa_maria,2021-04-11,-281,17,2,,,,,,
brasilia,santa_maria,2021-04-12,-280,31,1,,,,,,
brasilia,santa_maria,2021-04-13,-279,38,1,,,,,,
brasilia,santa_maria,2021-04-14,-278,13,0,,,,,,
brasilia,santa_maria,2021-04-15,-277,27,3,,,,,,
brasilia,santa_maria,2021-04-16,-276,27,1,,,,,,
brasilia,santa_maria,2021-04-17,-275,28,2,,,,,,
brasilia,santa_maria,2021-04-18,-274,6,2,,,,,,
brasilia,santa_maria,2021-04-19,-273,25,0,,,,,,
brasilia,santa_maria,2021-04-20,-272,26,1,,,,,,
brasilia,santa_maria,2021-04-21,-271,16,1,,,,,,
brasilia,santa_maria,2021-04-22,-270,28,3,,,,,,
brasilia,santa_maria,2021-04-23,-269,22,0,,,,,,
brasilia,santa_maria,2021-04-24,-268,17,1,,,,,,
brasilia,santa_maria,2021-04-25,-267,22,2,,,,,,
brasilia,santa_maria,2021-04-26,-266,19,0,,,,,,
brasilia,santa_maria,2021-04-27,-265,25,0,,,,,,
brasilia,santa_maria,2021-04-28,-264,9,1,,,,,,
brasilia,santa_maria,2021-04-29,-263,8,1,,,,,,
brasilia,santa_maria,2021-04-30,-262,19,0,,,,,,
brasilia,santa_maria,2021-05-01,-261,21,2,,,,,,
brasilia,santa_maria,2021-05-02,-260,20,0,,,,,,
brasilia,santa_maria,2021-05-03,-259,17,2,,,,,,
brasilia,santa_maria,2021-05-04,-258,20,1,,,,,,
brasilia,santa_maria,2021-05-05,-257,20,1,,,,,,
brasilia,santa_maria,2021-05-06,-256,18,0,,,,,,
brasilia,santa_maria,2021-05-07,-255,26,0,,,,,,
brasilia,santa_maria,2021-05-08,-254,14,1,,,,,,
brasilia,santa_maria,2021-05-09,-253,13,0,,,,,,
brasilia,santa_maria,2021-05-10,-252,22,2,,,,,,
brasilia,santa_maria,2021-05-11,-251,21,0,,,,,,
brasilia,santa_maria,2021-05-12,-250,20,1,,,,,,
brasilia,santa_maria,2021-05-13,-249,10,2,,,,,,
brasilia,santa_maria,2021-05-14,-248,24,2,,,,,,
brasilia,santa_maria,2021-05-15,-247,22,1,,,,,,
brasilia,santa_maria,2021-05-16,-246,15,0,,,,,,
brasilia,santa_maria,2021-05-17,-245,20,1,,,,,,
brasilia,santa_maria,2021-05-18,-244,23,1,,,,,,
brasilia,santa_maria,2021-05-19,-243,16,0,,,,,,
brasilia,santa_maria,2021-05-20,-242,9,0,,,,,,
brasilia,santa_maria,2021-05-21,-241,22,2,,,,,,
brasilia,santa_maria,2021-05-22,-240,9,1,,,,,,
brasilia,santa_maria,2021-05-23,-239,17,2,,,,,,
brasilia,santa_maria,2021-05-24,-238,14,0,,,,,,
brasilia,santa_maria,2021-05-25,-237,14,0,,,,,,
brasilia,santa_maria,2021-05-26,-236,21,0,,,,,,
brasilia,santa_maria,2021-05-27,-235,17,2,,,,,,
brasilia,santa_maria,2021-05-28,-234,16,2,,,,,,
brasilia,santa_maria,2021-05-29,-233,16,1,,,,,,
brasilia,santa_maria,2021-05-30,-232,16,1,,,,,,
brasilia,santa_maria,2021-05-31,-231,17,2,,,,,,
brasilia,santa_maria,2021-06-01,-230,11,0,,,,,,
brasilia,santa_maria,2021-06-02,-229,12,1,,,,,,
brasilia,santa_maria,2021-06-03,-228,8,0,,,,,,
brasilia,santa_maria,2021-06-04,-227,22,0,,,,,,
brasilia,santa_maria,2021-06-05,-226,9,0,,,,,,
brasilia,santa_maria,2021-06-06,-225,9,1,,,,,,
brasilia,santa_maria,2021-06-07,-224,24,0,,,,,,
brasilia,santa_maria,2021-06-08,-223,31,3,,,,,,
brasilia,santa_maria,2021-06-09,-222,7,0,,,,,,
brasilia,santa_maria,2021-06-10,-221,18,1,,,,,,
brasilia,santa_maria,2021-06-11,-220,13,0,,,,,,
brasilia,santa_maria,2021-06-12,-219,10,0,,,,,,
brasilia,santa_maria,2021-06-13,-218,5,0,,,,,,
brasilia,santa_maria,2021-06-14,-217,17,0,,,,,,
brasilia,santa_maria,2021-06-15,-216,23,2,,,,,,
brasilia,santa_maria,2021-06-16,-215,12,1,,,,,,
brasilia,santa_maria,2021-06-17,-214,12,0,,,,,,
brasilia,santa_maria,2021-06-18,-213,28,2,,,,,,
brasilia,santa_maria,2021-06-19,-212,22,1,,,,,,
brasilia,santa_maria,2021-06-20,-211,9,1,,,,,,
brasilia,santa_maria,2021-06-21,-210,23,1,,,,,,
brasilia,santa_maria,2021-06-22,-209,15,0,,,,,,
brasilia,santa_maria,2021-06-23,-208,18,1,,,,,,
brasilia,santa_maria,2021-06-24,-207,8,0,,,,,,
brasilia,santa_maria,2021-06-25,-206,10,1,,,,,,
brasilia,santa_maria,2021-06-26,-205,21,0,,,,,,
brasilia,santa_maria,2021-06-27,-204,6,0,,,,,,
brasilia,santa_maria,2021-06-28,-203,25,2,,,,,,
brasilia,santa_maria,2021-06-29,-202,18,0,,,,,,
brasilia,santa_maria,2021-06-30,-201,14,1,,,,,,
brasilia,santa_maria,2021-07-01,-200,12,0,,,,,,
brasilia,santa_maria,2021-07-02,-199,12,0,,,,,,
brasilia,santa_maria,2021-07-03,-198,22,0,,,,,,
brasilia,santa_maria,2021-07-04,-197,7,0,,,,,,
brasilia,santa_maria,2021-07-05,-196,14,1,,,,,,
brasilia,santa_maria,2021-07-06,-195,13,2,,,,,,
brasilia,santa_maria,2021-07-07,-194,6,0,,,,,,
brasilia,santa_maria,2021-07-08,-193,12,1,,,,,,
brasilia,santa_maria,2021-07-09,-192,15,1,,,,,,
brasilia,santa_maria,2021-07-10,-191,11,1,,,,,,
brasilia,santa_maria,2021-07-11,-190,18,1,,,,,,
brasilia,santa_maria,2021-07-12,-189,14,1,,,,,,
brasilia,santa_maria,2021-07-13,-188,11,0,,,,,,
brasilia,santa_maria,2021-07-14,-187,13,0,,,,,,
brasilia,santa_maria,2021-07-15,-186,14,2,,,,,,
brasilia,santa_maria,2021-07-16,-185,18,0,,,,,,
brasilia,santa_maria,2021-07-17,-184,22,1,,,,,,
brasilia,santa_maria,2021-07-18,-183,11,1,,,,,,
brasilia,santa_maria,2021-07-19,-182,25,1,,,,,,
brasilia,santa_maria,2021-07-20,-181,23,2,,,,,,
brasilia,santa_maria,2021-07-21,-180,10,0,,,,,,
brasilia,santa_maria,2021-07-22,-179,16,2,,,,,,
brasilia,santa_maria,2021-07-23,-178,19,2,,,,,,
brasilia,santa_maria,2021-07-24,-177,17,0,,,,,,
brasilia,santa_maria,2021-07-25,-176,14,1,,,,,,
brasilia,santa_maria,2021-07-26,-175,17,0,,,,,,
brasilia,santa_maria,2021-07-27,-174,19,1,,,,,,
brasilia,santa_maria,2021-07-28,-173,14,1,,,,,,
brasilia,santa_maria,2021-07-29,-172,8,0,,,,,,
brasilia,santa_maria,2021-07-30,-171,25,2,,,,,,
brasilia,santa_maria,2021-07-31,-170,17,0,,,,,,
brasilia,santa_maria,2021-08-01,-169,17,0,,,,,,
brasilia,santa_maria,2021-08-02,-168,12,0,,,,,,
brasilia,santa_maria,2021-08-03,-167,16,1,,,,,,
brasilia,santa_maria,2021-08-04,-166,5,1,,,,,,
brasilia,santa_maria,2021-08-05,-165,8,0,,,,,,
brasilia,santa_maria,2021-08-06,-164,27,0,,,,,,
brasilia,santa_maria,2021-08-07,-163,8,0,,,,,,
brasilia,santa_maria,2021-08-08,-162,11,0,,,,,,
brasilia,santa_maria,2021-08-09,-161,16,1,,,,,,
brasilia,santa_maria,2021-08-10,-160,20,0,,,,,,
brasilia,santa_maria,2021-08-11,-159,31,2,,,,,,
brasilia,santa_maria,2021-08-12,-158,12,0,,,,,,
brasilia,santa_maria,2021-08-13,-157,17,0,,,,,,
brasilia,santa_maria,2021-08-14,-156,20,2,,,,,,
brasilia,santa_maria,2021-08-15,-155,14,0,,,,,,
brasilia,santa_maria,2021-08-16,-154,27,0,,,,,,
brasilia,santa_maria,2021-08-17,-153,17,0,,,,,,
brasilia,santa_maria,2021-08-18,-152,18,3,,,,,,
brasilia,santa_maria,2021-08-19,-151,12,1,,,,,,
brasilia,santa_maria,2021-08-20,-150,15,0,,,,,,
brasilia,santa_maria,2021-08-21,-149,19,0,,,,,,
brasilia,santa_maria,2021-08-22,-148,10,0,,,,,,
brasilia,santa_maria,2021-08-23,-147,7,0,,,,,,
brasilia,santa_maria,2021-08-24,-146,18,0,,,,,,
brasilia,santa_maria,2021-08-25,-145,23,0,,,,,,
brasilia,santa_maria,2021-08-26,-144,25,1,,,,,,
brasilia,santa_maria,2021-08-27,-143,18,0,,,,,,
brasilia,santa_maria,2021-08-28,-142,14,0,,,,,,
brasilia,santa_maria,2021-08-29,-141,5,1,,,,,,
brasilia,santa_maria,2021-08-30,-140,23,2,,,,,,
brasilia,santa_maria,2021-08-31,-139,28,2,,,,,,
brasilia,santa_maria,2021-09-01,-138,24,2,,,,,,
brasilia,santa_maria,2021-09-02,-137,21,1,,,,,,
brasilia,santa_maria,2021-09-03,-136,12,0,,,,,,
brasilia,santa_maria,2021-09-04,-135,16,0,,,,,,
brasilia,santa_maria,2021-09-05,-134,10,1,,,,,,
brasilia,santa_maria,2021-09-06,-133,15,1,,,,,,
brasilia,santa_maria,2021-09-07,-132,9,0,,,,,,
brasilia,santa_maria,2021-09-08,-131,27,0,,,,,,
brasilia,santa_maria,2021-09-09,-130,15,0,,,,,,
brasilia,santa_maria,2021-09-10,-129,22,0,,,,,,
brasilia,santa_maria,2021-09-11,-128,15,0,,,,,,
brasilia,santa_maria,2021-09-12,-127,7,1,,,,,,
brasilia,santa_maria,2021-09-13,-126,23,1,,,,,,
brasilia,santa_maria,2021-09-14,-125,25,1,,,,,,
brasilia,santa_maria,2021-09-15,-124,27,0,,,,,,
brasilia,santa_maria,2021-09-16,-123,31,2,,,,,,
brasilia,santa_maria,2021-09-17,-122,23,0,,,,,,
brasilia,santa_maria,2021-09-18,-121,13,0,,,,,,
brasilia,santa_maria,2021-09-19,-120,11,0,,,,,,
brasilia,santa_maria,2021-09-20,-119,37,2,,,,,,
brasilia,santa_maria,2021-09-21,-118,29,1,,,,,,
brasilia,santa_maria,2021-09-22,-117,24,0,,,,,,
brasilia,santa_maria,2021-09-23,-116,27,0,,,,,,
brasilia,santa_maria,2021-09-24,-115,21,0,,,,,,
brasilia,santa_maria,2021-09-25,-114,16,0,,,,,,
brasilia,santa_maria,2021-09-26,-113,7,1,,,,,,
brasilia,santa_maria,2021-09-27,-112,18,0,,,,,,
brasilia,santa_maria,2021-09-28,-111,18,1,,,,,,
brasilia,santa_maria,2021-09-29,-110,26,1,,,,,,
brasilia,santa_maria,2021-09-30,-109,18,1,,,,,,
brasilia,santa_maria,2021-10-01,-108,31,4,,,,,,
brasilia,santa_maria,2021-10-02,-107,9,0,,,,,,
brasilia,santa_maria,2021-10-03,-106,6,1,,,,,,
brasilia,santa_maria,2021-10-04,-105,16,1,,,,,,
brasilia,santa_maria,2021-10-05,-104,23,0,,,,,,
brasilia,santa_maria,2021-10-06,-103,12,0,,,,,,
brasilia,santa_maria,2021-10-07,-102,16,0,,,,,,
brasilia,santa_maria,2021-10-08,-101,12,0,,,,,,
brasilia,santa_maria,2021-10-09,-100,6,0,,,,,,
brasilia,santa_maria,2021-10-10,-99,7,0,,,,,,
brasilia,santa_maria,2021-10-11,-98,14,0,,,,,,
brasilia,santa_maria,2021-10-12,-97,6,0,,,,,,
brasilia,santa_maria,2021-10-13,-96,8,0,,,,,,
brasilia,santa_maria,2021-10-14,-95,16,0,,,,,,
brasilia,santa_maria,2021-10-15,-94,5,0,,,,,,
brasilia,santa_maria,2021-10-16,-93,6,0,,,,,,
brasilia,santa_maria,2021-10-17,-92,3,1,,,,,,
brasilia,santa_maria,2021-10-18,-91,5,0,,,,,,
brasilia,santa_maria,2021-10-19,-90,7,0,,,,,,
brasilia,santa_maria,2021-10-20,-89,8,1,,,,,,
brasilia,santa_maria,2021-10-21,-88,7,0,,,,,,
brasilia,santa_maria,2021-10-22,-87,1,0,,,,,,
brasilia,santa_maria,2021-10-24,-85,5,0,,,,,,
brasilia,santa_maria,2021-10-26,-83,5,1,,,,,,
brasilia,santa_maria,2021-10-27,-82,2,0,,,,,,
brasilia,santa_maria,2021-10-28,-81,4,0,,,,,,
brasilia,santa_maria,2021-10-30,-79,3,0,,,,,,
brasilia,santa_maria,2021-10-31,-78,2,1,,,,,,
brasilia,santa_maria,2021-11-01,-77,3,0,,,,,,
brasilia,santa_maria,2021-11-02,-76,4,0,,,,,,
brasilia,santa_maria,2021-11-03,-75,1,0,,,,,,
brasilia,santa_maria,2021-11-04,-74,1,0,,,,,,
brasilia,santa_maria,2021-11-05,-73,3,0,,,,,,
brasilia,santa_maria,2021-11-06,-72,4,0,,,,,,
brasilia,santa_maria,2021-11-08,-70,3,0,,,,,,
brasilia,santa_maria,2021-11-09,-69,5,0,,,,,,
brasilia,santa_maria,2021-11-10,-68,2,0,,,,,,
brasilia,santa_maria,2021-11-11,-67,3,0,,,,,,
brasilia,santa_maria,2021-11-12,-66,2,0,,,,,,
brasilia,santa_maria,2021-11-13,-65,1,0,,,,,,
brasilia,santa_maria,2021-11-16,-62,1,0,,,,,,
brasilia,santa_maria,2021-11-19,-59,2,0,,,,,,
brasilia,santa_maria,2021-11-20,-58,1,0,,,,,,
brasilia,santa_maria,2021-11-21,-57,2,0,,,,,,
brasilia,santa_maria,2021-11-23,-55,1,0,,,,,,
brasilia,santa_maria,2021-11-24,-54,1,0,,,,,,
brasilia,santa_maria,2021-11-25,-53,3,0,,,,,,
brasilia,santa_maria,2021-11-26,-52,2,0,,,,,,
brasilia,santa_maria,2021-11-29,-49,2,0,,,,,,
brasilia,santa_maria,2021-12-01,-47,1,0,,,,,,
brasilia,santa_maria,2021-12-02,-46,1,0,,,,,,
brasilia,santa_maria,2021-12-04,-44,2,0,,,,,,
brasilia,santa_maria,2021-12-06,-42,1,0,,,,,,
brasilia,santa_maria,2021-12-09,-39,1,0,,,,,,
brasilia,santa_maria,2021-12-10,-38,1,0,,,,,,
brasilia,santa_maria,2021-12-11,-37,3,0,,,,,,
brasilia,santa_maria,2021-12-18,-30,2,0,,,,,,
brasilia,santa_maria,2021-12-20,-28,2,0,,,,,,
brasilia,santa_maria,2021-12-21,-27,2,0,,,,,,
brasilia,santa_maria,2021-12-22,-26,2,0,,,,,,
brasilia,santa_maria,2021-12-23,-25,2,0,,,,,,
brasilia,santa_maria,2021-12-24,-24,3,0,,,,,,
brasilia,santa_maria,2021-12-25,-23,2,0,,,,,,
brasilia,santa_maria,2021-12-26,-22,2,0,,,,,,
brasilia,santa_maria,2021-12-27,-21,4,0,,,,,,
brasilia,santa_maria,2021-12-28,-20,6,0,,,,,,
brasilia,santa_maria,2021-12-29,-19,4,0,,,,,,
brasilia,santa_maria,2021-12-30,-18,8,0,,,,,,
brasilia,santa_maria,2021-12-31,-17,2,0,,,,,,
brasilia,santa_maria,2022-01-01,-16,14,0,,,,,,
brasilia,santa_maria,2022-01-02,-15,10,0,,,,,,
brasilia,santa_maria,2022-01-03,-14,25,0,,,,,,
brasilia,santa_maria,2022-01-04,-13,22,0,,,,,,
brasilia,santa_maria,2022-01-05,-12,31,0,,,,,,
brasilia,santa_maria,2022-01-06,-11,26,0,,,,,,
brasilia,santa_maria,2022-01-07,-10,35,0,,,,,,
brasilia,santa_maria,2022-01-08,-9,30,0,,,,,,
brasilia,santa_maria,2022-01-09,-8,38,0,,,,,,
brasilia,santa_maria,2022-01-10,-7,63,0,,,,,,
brasilia,santa_maria,2022-01-11,-6,60,1,,,,,,
brasilia,santa_maria,2022-01-12,-5,44,1,,,,,,
brasilia,santa_maria,2022-01-13,-4,67,0,,,,,,
brasilia,santa_maria,2022-01-14,-3,81,0,,,,,,
brasilia,santa_maria,2022-01-15,-2,66,0,,,,,,
brasilia,santa_maria,2022-01-16,-1,49,0,,,,,,
brasilia,santa_maria,2022-01-17,0,126,1,,,,,,
brasilia,santa_maria,2022-01-18,1,101,0,,,,,,
brasilia,santa_maria,2022-01-19,2,93,1,,,,,,
brasilia,santa_maria,2022-01-20,3,110,0,,,,,,
brasilia,santa_maria,2022-01-21,4,171,1,,,,,,
brasilia,santa_maria,2022-01-22,5,115,0,,,,,,
brasilia,santa_maria,2022-01-23,6,90,0,,,,,,
brasilia,santa_maria,2022-01-24,7,167,0,,,,,,
brasilia,santa_maria,2022-01-25,8,136,1,,,,,,
brasilia,santa_maria,2022-01-26,9,157,0,,,,,,
brasilia,santa_maria,2022-01-27,10,135,0,,,,,,
brasilia,santa_maria,2022-01-28,11,142,0,,,,,,
brasilia,santa_maria,2022-01-29,12,129,0,,,,,,
brasilia,santa_maria,2022-01-30,13,83,0,,,,,,
brasilia,santa_maria,2022-01-31,14,145,0,,,,,,
brasilia,santa_maria,2022-02-01,15,143,0,,,,,,
brasilia,santa_maria,2022-02-02,16,112,0,,,,,,
brasilia,santa_maria,2022-02-03,17,98,0,,,,,,
brasilia,santa_maria,2022-02-04,18,120,0,,,,,,
brasilia,santa_maria,2022-02-05,19,87,0,,,,,,
brasilia,santa_maria,2022-02-06,20,62,0,,,,,,
brasilia,santa_maria,2022-02-07,21,92,0,,,,,,
brasilia,santa_maria,2022-02-08,22,87,0,,,,,,
brasilia,santa_maria,2022-02-09,23,63,2,,,,,,
brasilia,santa_maria,2022-02-10,24,56,0,,,,,,
brasilia,santa_maria,2022-02-11,25,65,1,,,,,,
brasilia,santa_maria,2022-02-12,26,51,0,,,,,,
brasilia,santa_maria,2022-02-13,27,16,0,,,,,,
brasilia,santa_maria,2022-02-14,28,42,0,,,,,,
brasilia,santa_maria,2022-02-15,29,44,0,,,,,,
brasilia,santa_maria,2022-02-16,30,31,0,,,,,,
brasilia,santa_maria,2022-02-17,31,39,1,,,,,,
brasilia,santa_maria,2022-02-18,32,32,0,,,,,,
brasilia,santa_maria,2022-02-19,33,25,0,,,,,,
brasilia,santa_maria,2022-02-20,34,16,0,,,,,,
brasilia,santa_maria,2022-02-21,35,22,0,,,,,,
brasilia,santa_maria,2022-02-22,36,12,0,,,,,,
brasilia,santa_maria,2022-02-23,37,10,0,,,,,,
brasilia,santa_maria,2022-02-24,38,9,0,,,,,,
brasilia,santa_maria,2022-02-25,39,12,0,,,,,,
brasilia,santa_maria,2022-02-26,40,4,0,,,,,,
brasilia,santa_maria,2022-02-27,41,10,1,,,,,,
brasilia,santa_maria,2022-02-28,42,8,0,,,,,,
brasilia,santa_maria,2022-03-01,43,5,0,,,,,,
brasilia,santa_maria,2022-03-02,44,8,1,,,,,,
brasilia,santa_maria,2022-03-03,45,9,0,,,,,,
brasilia,santa_maria,2022-03-04,46,8,0,,,,,,
brasilia,santa_maria,2022-03-05,47,4,0,,,,,,
brasilia,santa_maria,2022-03-06,48,4,0,,,,,,
brasilia,santa_maria,2022-03-07,49,6,0,,,,,,
brasilia,santa_maria,2022-03-08,50,9,0,,,,,,
brasilia,santa_maria,2022-03-09,51,5,1,,,,,,
brasilia,santa_maria,2022-03-10,52,3,0,,,,,,
brasilia,santa_maria,2022-03-11,53,5,0,,,,,,
brasilia,santa_maria,2022-03-12,54,2,0,,,,,,
brasilia,santa_maria,2022-03-13,55,2,0,,,,,,
brasilia,santa_maria,2022-03-14,56,1,0,,,,,,
brasilia,santa_maria,2022-03-15,57,1,0,,,,,,
brasilia,santa_maria,2022-03-16,58,2,0,,,,,,
brasilia,santa_maria,2022-03-17,59,3,0,,,,,,
brasilia,santa_maria,2022-03-18,60,4,0,,,,,,
brasilia,santa_maria,2022-03-19,61,1,0,,,,,,
brasilia,santa_maria,2022-03-20,62,2,0,,,,,,
brasilia,santa_maria,2022-03-21,63,7,0,,,,,,
brasilia,santa_maria,2022-03-22,64,1,0,,,,,,
brasilia,santa_maria,2022-03-23,65,2,0,,,,,,
brasilia,santa_maria,2022-03-24,66,1,0,,,,,,
brasilia,santa_maria,2022-03-25,67,3,0,,,,,,
brasilia,santa_maria,2022-03-27,69,1,0,,,,,,
brasilia,santa_maria,2022-03-29,71,1,0,,,,,,
brasilia,santa_maria,2022-04-03,76,2,0,,,,,,
brasilia,santa_maria,2022-04-04,77,1,0,,,,,,
brasilia,santa_maria,2022-04-05,78,3,0,,,,,,
brasilia,santa_maria,2022-04-06,79,2,0,,,,,,
brasilia,santa_maria,2022-04-07,80,3,0,,,,,,
brasilia,santa_maria,2022-04-08,81,1,0,,,,,,
brasilia,santa_maria,2022-04-09,82,1,0,,,,,,
brasilia,santa_maria,2022-04-11,84,2,0,,,,,,
brasilia,santa_maria,2022-04-12,85,1,0,,,,,,
brasilia,santa_maria,2022-04-13,86,1,0,,,,,,
brasilia,santa_maria,2022-04-15,88,1,0,,,,,,
brasilia,santa_maria,2022-04-17,90,1,0,,,,,,
brasilia,santa_maria,2022-04-19,92,1,0,,,,,,
brasilia,santa_maria,2022-04-24,97,2,0,,,,,,
brasilia,santa_maria,2022-04-25,98,1,0,,,,,,
brasilia,santa_maria,2022-04-26,99,1,0,,,,,,
brasilia,santa_maria,2022-04-27,100,4,0,,,,,,
brasilia,santa_maria,2022-04-29,102,4,0,,,,,,
brasilia,santa_maria,2022-04-30,103,2,0,,,,,,
brasilia,santa_maria,2022-05-01,104,2,0,,,,,,
brasilia,santa_maria,2022-05-03,106,2,0,,,,,,
brasilia,santa_maria,2022-05-04,107,1,0,,,,,,
brasilia,santa_maria,2022-05-05,108,1,0,,,,,,
brasilia,santa_maria,2022-05-06,109,5,0,,,,,,
brasilia,santa_maria,2022-05-07,110,3,0,,,,,,
brasilia,santa_maria,2022-05-08,111,2,0,,,,,,
brasilia,santa_maria,2022-05-09,112,4,0,,,,,,
brasilia,santa_maria,2022-05-10,113,6,0,,,,,,
brasilia,santa_maria,2022-05-11,114,6,0,,,,,,
brasilia,santa_maria,2022-05-12,115,6,0,,,,,,
brasilia,santa_maria,2022-05-13,116,2,0,,,,,,
brasilia,santa_maria,2022-05-14,117,2,0,,,,,,
brasilia,santa_maria,2022-05-15,118,4,0,,,,,,
brasilia,santa_maria,2022-05-16,119,9,0,,,,,,
brasilia,santa_maria,2022-05-17,120,5,0,,,,,,
brasilia,santa_maria,2022-05-18,121,6,0,,,,,,
brasilia,santa_maria,2022-05-19,122,7,0,,,,,,
brasilia,santa_maria,2022-05-20,123,7,0,,,,,,
brasilia,santa_maria,2022-05-21,124,6,0,,,,,,
brasilia,santa_maria,2022-05-22,125,11,0,,,,,,
brasilia,santa_maria,2022-05-23,126,10,0,,,,,,
brasilia,santa_maria,2022-05-24,127,8,0,,,,,,
brasilia,santa_maria,2022-05-25,128,11,0,,,,,,
brasilia,santa_maria,2022-05-26,129,17,0,,,,,,
brasilia,santa_maria,2022-05-27,130,15,0,,,,,,
brasilia,santa_maria,2022-05-28,131,25,0,,,,,,
brasilia,santa_maria,2022-05-29,132,24,0,,,,,,
brasilia,santa_maria,2022-05-30,133,42,0,,,,,,
brasilia,santa_maria,2022-05-31,134,33,0,,,,,,
brasilia,santa_maria,2022-06-01,135,58,0,,,,,,
brasilia,santa_maria,2022-06-02,136,48,0,,,,,,
brasilia,santa_maria,2022-06-03,137,52,0,,,,,,
brasilia,santa_maria,2022-06-04,138,72,0,,,,,,
brasilia,santa_maria,2022-06-05,139,52,0,,,,,,
brasilia,santa_maria,2022-06-06,140,78,0,,,,,,
brasilia,santa_maria,2022-06-07,141,81,0,,,,,,
brasilia,santa_maria,2022-06-08,142,94,0,,,,,,
brasilia,santa_maria,2022-06-09,143,68,0,,,,,,
brasilia,santa_maria,2022-06-10,144,98,0,,,,,,
brasilia,santa_maria,2022-06-11,145,62,0,,,,,,
brasilia,santa_maria,2022-06-12,146,51,0,,,,,,
brasilia,santa_maria,2022-06-13,147,118,0,,,,,,
brasilia,santa_maria,2022-06-14,148,95,1,,,,,,
brasilia,santa_maria,2022-06-15,149,122,0,,,,,,
brasilia,santa_maria,2022-06-16,150,63,0,,,,,,
brasilia,santa_maria,2022-06-17,151,110,0,,,,,,
brasilia,santa_maria,2022-06-18,152,80,0,,,,,,
brasilia,santa_maria,2022-06-19,153,66,0,,,,,,
brasilia,santa_maria,2022-06-20,154,120,0,,,,,,
brasilia,santa_maria,2022-06-21,155,74,0,,,,,,
brasilia,santa_maria,2022-06-22,156,74,0,,,,,,
brasilia,santa_maria,2022-06-23,157,67,0,,,,,,
brasilia,santa_maria,2022-06-24,158,61,0,,,,,,
brasilia,santa_maria,2022-06-25,159,61,0,,,,,,
brasilia,santa_maria,2022-06-26,160,39,0,,,,,,
brasilia,santa_maria,2022-06-27,161,45,0,,,,,,
brasilia,santa_maria,2022-06-28,162,45,0,,,,,,
brasilia,santa_maria,2022-06-29,163,45,0,,,,,,
brasilia,santa_maria,2022-06-30,164,36,0,,,,,,
brasilia,santa_maria,2022-07-01,165,39,0,,,,,,
brasilia,santa_maria,2022-07-02,166,24,0,,,,,,
brasilia,santa_maria,2022-07-03,167,14,0,,,,,,
brasilia,santa_maria,2022-07-04,168,25,0,,,,,,
brasilia,santa_maria,2022-07-05,169,23,0,,,,,,
brasilia,santa_maria,2022-07-06,170,22,0,,,,,,
brasilia,santa_maria,2022-07-07,171,23,0,,,,,,
brasilia,santa_maria,2022-07-08,172,15,0,,,,,,
brasilia,santa_maria,2022-07-09,173,10,0,,,,,,
brasilia,santa_maria,2022-07-10,174,14,0,,,,,,
brasilia,santa_maria,2022-07-11,175,18,0,,,,,,
brasilia,santa_maria,2022-07-12,176,20,0,,,,,,
brasilia,santa_maria,2022-07-13,177,11,0,,,,,,
brasilia,santa_maria,2022-07-14,178,6,0,,,,,,
brasilia,santa_maria,2022-07-15,179,6,0,,,,,,
brasilia,santa_maria,2022-07-16,180,4,0,,,,,,
brasilia,santa_maria,2022-07-17,181,6,0,,,,,,
brasilia,santa_maria,2022-07-18,182,9,0,,,,,,
brasilia,santa_maria,2022-07-19,183,9,0,,,,,,
brasilia,santa_maria,2022-07-20,184,7,0,,,,,,
brasilia,santa_maria,2022-07-21,185,8,0,,,,,,
brasilia,santa_maria,2022-07-22,186,4,0,,,,,,
brasilia,santa_maria,2022-07-23,187,3,0,,,,,,
brasilia,santa_maria,2022-07-24,188,4,0,,,,,,
brasilia,santa_maria,2022-07-25,189,4,0,,,,,,
brasilia,santa_maria,2022-07-26,190,3,0,,,,,,
brasilia,santa_maria,2022-07-27,191,9,0,,,,,,
brasilia,santa_maria,2022-07-28,192,4,0,,,,,,
brasilia,santa_maria,2022-07-29,193,2,0,,,,,,
brasilia,santa_maria,2022-07-30,194,2,0,,,,,,
brasilia,santa_maria,2022-07-31,195,3,0,,,,,,
brasilia,santa_maria,2022-08-01,196,5,0,,,,,,
brasilia,santa_maria,2022-08-02,197,3,0,,,,,,
brasilia,santa_maria,2022-08-03,198,4,0,,,,,,
brasilia,santa_maria,2022-08-04,199,5,0,,,,,,
brasilia,santa_maria,2022-08-05,200,5,0,,,,,,
brasilia,santa_maria,2022-08-06,201,1,0,,,,,,
brasilia,santa_maria,2022-08-07,202,2,0,,,,,,
brasilia,santa_maria,2022-08-08,203,2,0,,,,,,
brasilia,santa_maria,2022-08-09,204,2,0,,,,,,
brasilia,santa_maria,2022-08-10,205,2,0,,,,,,
brasilia,santa_maria,2022-08-11,206,2,0,,,,,,
brasilia,santa_maria,2022-08-13,208,1,0,,,,,,
brasilia,santa_maria,2022-08-15,210,4,0,,,,,,
brasilia,santa_maria,2022-08-16,211,1,0,,,,,,
brasilia,santa_maria,2022-08-18,213,4,0,,,,,,
brasilia,santa_maria,2022-08-19,214,2,0,,,,,,
brasilia,santa_maria,2022-08-22,217,3,0,,,,,,
brasilia,santa_maria,2022-08-23,218,2,0,,,,,,
brasilia,santa_maria,2022-08-25,220,1,0,,,,,,
brasilia,santa_maria,2022-08-26,221,3,0,,,,,,
brasilia,santa_maria,2022-08-27,222,1,0,,,,,,
brasilia,santa_maria,2022-08-30,225,2,0,,,,,,
brasilia,santa_maria,2022-08-31,226,1,0,,,,,,
brasilia,santa_maria,2022-09-02,228,1,0,,,,,,
brasilia,santa_maria,2022-09-03,229,1,0,,,,,,
brasilia,santa_maria,2022-09-05,231,1,0,,,,,,
brasilia,santa_maria,2022-09-09,235,1,0,,,,,,
brasilia,santa_maria,2022-09-16,242,2,0,,,,,,
brasilia,santa_maria,2022-09-20,246,1,1,,,,,,
brasilia,santa_maria,2022-09-22,248,2,0,,,,,,
brasilia,santa_maria,2022-09-24,250,1,0,,,,,,
brasilia,santa_maria,2022-09-27,253,1,0,,,,,,
brasilia,santa_maria,2022-09-28,254,1,0,,,,,,
brasilia,santa_maria,2022-10-02,258,1,0,,,,,,
brasilia,santa_maria,2022-10-05,261,1,0,,,,,,
brasilia,santa_maria,2022-10-09,265,1,0,,,,,,
brasilia,santa_maria,2022-10-10,266,4,0,,,,,,
brasilia,santa_maria,2022-10-11,267,1,0,,,,,,
brasilia,santa_maria,2022-10-14,270,1,0,,,,,,
brasilia,santa_maria,2022-10-20,276,1,0,,,,,,
brasilia,santa_maria,2022-10-21,277,1,0,,,,,,
brasilia,santa_maria,2022-10-22,278,3,0,,,,,,
brasilia,santa_maria,2022-10-24,280,1,0,,,,,,
brasilia,santa_maria,2022-10-26,282,1,0,,,,,,
brasilia,santa_maria,2022-10-27,283,1,0,,,,,,
brasilia,santa_maria,2022-10-29,285,1,0,,,,,,
brasilia,santa_maria,2022-10-30,286,2,0,,,,,,
brasilia,santa_maria,2022-10-31,287,3,0,,,,,,
brasilia,santa_maria,2022-11-01,288,3,0,,,,,,
brasilia,santa_maria,2022-11-04,291,7,0,,,,,,
brasilia,santa_maria,2022-11-05,292,1,0,,,,,,
brasilia,santa_maria,2022-11-06,293,1,0,,,,,,
brasilia,santa_maria,2022-11-07,294,5,0,,,,,,
brasilia,santa_maria,2022-11-08,295,5,0,,,,,,
brasilia,santa_maria,2022-11-09,296,3,0,,,,,,
brasilia,santa_maria,2022-11-10,297,7,0,,,,,,
brasilia,santa_maria,2022-11-11,298,4,0,,,,,,
brasilia,santa_maria,2022-11-12,299,3,0,,,,,,
brasilia,santa_maria,2022-11-13,300,5,0,,,,,,
brasilia,santa_maria,2022-11-14,301,6,0,,,,,,
brasilia,santa_maria,2022-11-15,302,9,0,,,,,,
brasilia,santa_maria,2022-11-16,303,9,0,,,,,,
brasilia,santa_maria,2022-11-17,304,20,0,,,,,,
brasilia,santa_maria,2022-11-18,305,9,0,,,,,,
brasilia,santa_maria,2022-11-19,306,10,0,,,,,,
brasilia,santa_maria,2022-11-20,307,17,0,,,,,,
brasilia,santa_maria,2022-11-21,308,17,0,,,,,,
brasilia,santa_maria,2022-11-22,309,22,0,,,,,,
brasilia,santa_maria,2022-11-23,310,21,0,,,,,,
brasilia,santa_maria,2022-11-24,311,18,0,,,,,,
brasilia,santa_maria,2022-11-25,312,20,0,,,,,,
brasilia,santa_maria,2022-11-26,313,18,0,,,,,,
brasilia,santa_maria,2022-11-27,314,27,0,,,,,,
brasilia,santa_maria,2022-11-28,315,46,0,,,,,,
brasilia,santa_maria,2022-11-29,316,26,0,,,,,,
brasilia,santa_maria,2022-11-30,317,32,0,,,,,,
brasilia,santa_maria,2022-12-01,318,57,0,,,,,,
brasilia,santa_maria,2022-12-02,319,29,0,,,,,,
brasilia,santa_maria,2022-12-03,320,29,0,,,,,,
brasilia,santa_maria,2022-12-04,321,18,0,,,,,,
brasilia,santa_maria,2022-12-05,322,51,0,,,,,,
brasilia,santa_maria,2022-12-06,323,40,0,,,,,,
brasilia,santa_maria,2022-12-07,324,36,0,,,,,,
brasilia,santa_maria,2022-12-08,325,38,0,,,,,,
brasilia,santa_maria,2022-12-09,326,60,0,,,,,,
brasilia,santa_maria,2022-12-10,327,50,0,,,,,,
brasilia,santa_maria,2022-12-11,328,38,0,,,,,,
brasilia,santa_maria,2022-12-12,329,58,0,,,,,,
brasilia,santa_maria,2022-12-13,330,48,0,,,,,,
brasilia,santa_maria,2022-12-14,331,37,0,,,,,,
brasilia,santa_maria,2022-12-15,332,50,0,,,,,,
brasilia,santa_maria,2022-12-16,333,29,0,,,,,,
brasilia,santa_maria,2022-12-17,334,27,0,,,,,,
brasilia,santa_maria,2022-12-18,335,26,0,,,,,,
brasilia,santa_maria,2022-12-19,336,39,0,,,,,,
brasilia,santa_maria,2022-12-20,337,13,0,,,,,,
brasilia,santa_maria,2022-12-21,338,24,1,,,,,,
brasilia,santa_maria,2022-12-22,339,13,0,,,,,,
brasilia,santa_maria,2022-12-23,340,12,0,,,,,,
brasilia,santa_maria,2022-12-24,341,11,0,,,,,,
brasilia,santa_maria,2022-12-25,342,7,0,,,,,,
brasilia,santa_maria,2022-12-26,343,15,0,,,,,,
brasilia,santa_maria,2022-12-27,344,14,0,,,,,,
brasilia,santa_maria,2022-12-28,345,9,0,,,,,,
brasilia,santa_maria,2022-12-29,346,10,0,,,,,,
brasilia,santa_maria,2022-12-30,347,3,0,,,,,,
brasilia,santa_maria,2022-12-31,348,3,0,,,,,,
brasilia,santa_maria,2023-01-01,349,6,0,,,,,,
brasilia,santa_maria,2023-01-02,350,11,0,,,,,,
brasilia,santa_maria,2023-01-03,351,5,0,,,,,,
brasilia,santa_maria,2023-01-04,352,3,0,,,,,,
brasilia,santa_maria,2023-01-05,353,6,0,,,,,,
brasilia,santa_maria,2023-01-06,354,5,0,,,,,,
brasilia,santa_maria,2023-01-07,355,5,0,,,,,,
brasilia,santa_maria,2023-01-08,356,3,0,,,,,,
brasilia,santa_maria,2023-01-09,357,7,0,,,,,,
brasilia,santa_maria,2023-01-10,358,6,0,,,,,,
brasilia,santa_maria,2023-01-12,360,7,0,,,,,,
brasilia,santa_maria,2023-01-13,361,4,0,,,,,,
brasilia,santa_maria,2023-01-14,362,1,0,,,,,,
brasilia,santa_maria,2023-01-16,364,3,0,,,,,,
brasilia,santa_maria,2023-01-17,365,6,0,,,,,,
brasilia,santa_maria,2023-01-18,366,1,0,,,,,,
brasilia,santa_maria,2023-01-19,367,1,0,,,,,,
brasilia,santa_maria,2023-01-20,368,1,0,,,,,,
brasilia,santa_maria,2023-01-21,369,4,0,,,,,,
brasilia,santa_maria,2023-01-23,371,1,0,,,,,,
brasilia,santa_maria,2023-01-24,372,2,0,,,,,,
brasilia,santa_maria,2023-01-26,374,1,0,,,,,,
brasilia,santa_maria,2023-01-28,376,3,0,,,,,,
brasilia,santa_maria,2023-02-01,380,2,0,,,,,,
brasilia,santa_maria,2023-02-02,381,1,0,,,,,,
brasilia,santa_maria,2023-02-03,382,3,0,,,,,,
brasilia,santa_maria,2023-02-05,384,1,0,,,,,,
brasilia,santa_maria,2023-02-06,385,1,0,,,,,,
brasilia,santa_maria,2023-02-07,386,1,0,,,,,,
brasilia,santa_maria,2023-02-09,388,1,0,,,,,,
brasilia,santa_maria,2023-02-10,389,3,0,,,,,,
brasilia,santa_maria,2023-02-12,391,1,0,,,,,,
brasilia,santa_maria,2023-02-13,392,6,0,,,,,,
brasilia,santa_maria,2023-02-14,393,3,0,,,,,,
brasilia,santa_maria,2023-02-15,394,3,0,,,,,,
brasilia,santa_maria,2023-02-18,397,1,0,,,,,,
brasilia,santa_maria,2023-02-19,398,1,0,,,,,,
brasilia,santa_maria,2023-02-20,399,1,0,,,,,,
brasilia,santa_maria,2023-02-21,400,2,0,,,,,,
brasilia,santa_maria,2023-02-22,401,6,0,,,,,,
brasilia,santa_maria,2023-02-23,402,2,0,,,,,,
brasilia,santa_maria,2023-02-24,403,1,0,,,,,,
brasilia,santa_maria,2023-02-26,405,1,0,,,,,,
brasilia,santa_maria,2023-02-27,406,2,0,,,,,,
brasilia,santa_maria,2023-03-01,408,5,0,,,,,,
brasilia,santa_maria,2023-03-02,409,1,0,,,,,,
brasilia,santa_maria,2023-03-03,410,2,0,,,,,,
brasilia,santa_maria,2023-03-04,411,2,0,,,,,,
brasilia,santa_maria,2023-03-05,412,1,0,,,,,,
brasilia,santa_maria,2023-03-06,413,6,0,,,,,,
brasilia,santa_maria,2023-03-07,414,5,0,,,,,,
brasilia,santa_maria,2023-03-08,415,3,0,,,,,,
brasilia,santa_maria,2023-03-09,416,2,0,,,,,,
brasilia,santa_maria,2023-03-10,417,3,0,,,,,,
brasilia,santa_maria,2023-03-11,418,2,0,,,,,,
brasilia,santa_maria,2023-03-12,419,1,0,,,,,,
brasilia,santa_maria,2023-03-14,421,3,0,,,,,,
brasilia,santa_maria,2023-03-15,422,5,0,,,,,,
brasilia,santa_maria,2023-03-16,423,3,0,,,,,,
brasilia,santa_maria,2023-03-17,424,1,0,,,,,,
brasilia,santa_maria,2023-03-18,425,1,0,,,,,,
brasilia,santa_maria,2023-03-19,426,2,0,,,,,,
brasilia,santa_maria,2023-03-20,427,2,0,,,,,,
brasilia,santa_maria,2023-03-21,428,6,0,,,,,,
brasilia,santa_maria,2023-03-22,429,6,0,,,,,,
brasilia,santa_maria,2023-03-23,430,4,0,,,,,,
brasilia,santa_maria,2023-03-24,431,7,0,,,,,,
brasilia,santa_maria,2023-03-25,432,7,0,,,,,,
brasilia,santa_maria,2023-03-26,433,2,0,,,,,,
brasilia,santa_maria,2023-03-27,434,7,0,,,,,,
brasilia,santa_maria,2023-03-28,435,2,0,,,,,,
brasilia,santa_maria,2023-03-29,436,4,0,,,,,,
brasilia,santa_maria,2023-03-30,437,4,0,,,,,,
brasilia,santa_maria,2023-03-31,438,5,1,,,,,,
brasilia,santa_maria,2023-04-01,439,2,0,,,,,,
brasilia,santa_maria,2023-04-02,440,2,0,,,,,,
brasilia,santa_maria,2023-04-04,442,4,0,,,,,,
brasilia,santa_maria,2023-04-05,443,3,0,,,,,,
brasilia,santa_maria,2023-04-06,444,5,0,,,,,,
brasilia,santa_maria,2023-04-07,445,3,0,,,,,,
brasilia,santa_maria,2023-04-08,446,3,0,,,,,,
brasilia,santa_maria,2023-04-09,447,2,0,,,,,,
brasilia,santa_maria,2023-04-10,448,7,0,,,,,,
brasilia,santa_maria,2023-04-11,449,2,0,,,,,,
brasilia,santa_maria,2023-04-12,450,8,0,,,,,,
brasilia,santa_maria,2023-04-13,451,6,0,,,,,,
brasilia,santa_maria,2023-04-14,452,4,0,,,,,,
brasilia,santa_maria,2023-04-15,453,2,0,,,,,,
brasilia,santa_maria,2023-04-16,454,1,0,,,,,,
brasilia,santa_maria,2023-04-17,455,3,0,,,,,,
brasilia,santa_maria,2023-04-18,456,5,0,,,,,,
brasilia,santa_maria,2023-04-19,457,3,0,,,,,,
brasilia,santa_maria,2023-04-20,458,5,0,,,,,,
brasilia,santa_maria,2023-04-21,459,2,0,,,,,,
brasilia,santa_maria,2023-04-22,460,6,0,,,,,,
brasilia,santa_maria,2023-04-23,461,1,0,,,,,,
brasilia,santa_maria,2023-04-24,462,4,0,,,,,,
brasilia,santa_maria,2023-04-25,463,7,0,,,,,,
brasilia,santa_maria,2023-04-26,464,1,0,,,,,,
brasilia,santa_maria,2023-04-27,465,2,0,,,,,,
brasilia,santa_maria,2023-04-29,467,2,0,,,,,,
brasilia,santa_maria,2023-04-30,468,3,0,,,,,,
brasilia,santa_maria,2023-05-01,469,2,0,,,,,,
brasilia,santa_maria,2023-05-02,470,1,0,,,,,,
brasilia,santa_maria,2023-05-03,471,5,0,,,,,,
brasilia,santa_maria,2023-05-04,472,4,0,,,,,,
brasilia,santa_maria,2023-05-05,473,3,0,,,,,,
brasilia,santa_maria,2023-05-06,474,2,0,,,,,,
brasilia,santa_maria,2023-05-07,475,1,0,,,,,,
brasilia,santa_maria,2023-05-08,476,4,0,,,,,,
brasilia,santa_maria,2023-05-09,477,2,0,,,,,,
brasilia,santa_maria,2023-05-10,478,3,0,,,,,,
brasilia,santa_maria,2023-05-11,479,4,0,,,,,,
brasilia,santa_maria,2023-05-12,480,4,0,,,,,,
brasilia,santa_maria,2023-05-13,481,2,0,,,,,,
brasilia,santa_maria,2023-05-14,482,2,0,,,,,,
brasilia,santa_maria,2023-05-15,483,10,0,,,,,,
brasilia,santa_maria,2023-05-16,484,4,0,,,,,,
brasilia,santa_maria,2023-05-17,485,2,0,,,,,,
brasilia,santa_maria,2023-05-18,486,4,0,,,,,,
brasilia,santa_maria,2023-05-19,487,2,0,,,,,,
brasilia,santa_maria,2023-05-20,488,7,0,,,,,,
brasilia,santa_maria,2023-05-22,490,4,0,,,,,,
brasilia,santa_maria,2023-05-23,491,3,0,,,,,,
brasilia,santa_maria,2023-05-24,492,2,0,,,,,,
brasilia,santa_maria,2023-05-25,493,3,0,,,,,,
brasilia,santa_maria,2023-05-26,494,2,0,,,,,,
brasilia,santa_maria,2023-05-27,495,7,0,,,,,,
brasilia,santa_maria,2023-05-28,496,3,0,,,,,,
brasilia,santa_maria,2023-05-29,497,1,0,,,,,,
brasilia,santa_maria,2023-05-30,498,5,0,,,,,,
brasilia,santa_maria,2023-05-31,499,1,0,,,,,,
brasilia,santa_maria,2023-06-01,500,5,0,,,,,,
brasilia,santa_maria,2023-06-02,501,2,0,,,,,,
brasilia,santa_maria,2023-06-05,504,2,0,,,,,,
brasilia,santa_maria,2023-06-06,505,3,0,,,,,,
brasilia,santa_maria,2023-06-07,506,2,0,,,,,,
brasilia,santa_maria,2023-06-08,507,1,0,,,,,,
brasilia,santa_maria,2023-06-10,509,1,0,,,,,,
brasilia,santa_maria,2023-06-14,513,1,0,,,,,,
brasilia,santa_maria,2023-06-16,515,1,0,,,,,,
brasilia,santa_maria,2023-06-18,517,1,0,,,,,,
brasilia,santa_maria,2023-06-19,518,3,0,,,,,,
brasilia,santa_maria,2023-06-20,519,2,0,,,,,,
brasilia,santa_maria,2023-06-22,521,2,0,,,,,,
brasilia,santa_maria,2023-06-23,522,1,0,,,,,,
brasilia,santa_maria,2023-06-25,524,2,0,,,,,,
brasilia,santa_maria,2023-06-26,525,1,0,,,,,,
brasilia,santa_maria,2023-06-27,526,1,0,,,,,,
brasilia,santa_maria,2023-06-28,527,1,0,,,,,,
brasilia,santa_maria,2023-06-29,528,1,0,,,,,,
brasilia,santa_maria,2023-07-01,530,2,0,,,,,,
brasilia,santa_maria,2023-07-07,536,4,0,,,,,,
brasilia,santa_maria,2023-07-10,539,2,0,,,,,,
brasilia,santa_maria,2023-07-12,541,1,0,,,,,,
brasilia,santa_maria,2023-07-13,542,1,0,,,,,,
brasilia,santa_maria,2023-07-15,544,3,1,,,,,,
brasilia,santa_maria,2023-07-18,547,1,0,,,,,,
brasilia,santa_maria,2023-07-19,548,2,0,,,,,,
brasilia,santa_maria,2023-07-20,549,1,0,,,,,,
brasilia,santa_maria,2023-07-21,550,1,0,,,,,,
brasilia,santa_maria,2023-07-25,554,3,0,,,,,,
brasilia,santa_maria,2023-07-29,558,1,0,,,,,,
brasilia,santa_maria,2023-08-05,565,2,0,,,,,,
brasilia,santa_maria,2023-08-07,567,1,0,,,,,,
brasilia,santa_maria,2023-08-08,568,1,0,,,,,,
brasilia,santa_maria,2023-08-09,569,2,0,,,,,,
brasilia,santa_maria,2023-08-10,570,1,0,,,,,,
brasilia,santa_maria,2023-08-11,571,1,0,,,,,,
brasilia,santa_maria,2023-08-14,574,1,0,,,,,,
brasilia,santa_maria,2023-08-15,575,1,0,,,,,,
brasilia,santa_maria,2023-08-16,576,3,0,,,,,,
brasilia,santa_maria,2023-08-17,577,1,0,,,,,,
brasilia,santa_maria,2023-08-18,578,3,0,,,,,,
brasilia,santa_maria,2023-08-19,579,1,0,,,,,,
brasilia,santa_maria,2023-08-20,580,2,0,,,,,,
brasilia,santa_maria,2023-08-21,581,2,0,,,,,,
brasilia,santa_maria,2023-08-22,582,2,0,,,,,,
brasilia,santa_maria,2023-08-23,583,3,0,,,,,,
brasilia,santa_maria,2023-08-24,584,4,0,,,,,,
brasilia,santa_maria,2023-08-25,585,2,0,,,,,,
brasilia,santa_maria,2023-08-26,586,3,0,,,,,,
brasilia,santa_maria,2023-08-27,587,1,0,,,,,,
brasilia,santa_maria,2023-08-28,588,5,0,,,,,,
brasilia,santa_maria,2023-08-29,589,2,0,,,,,,
brasilia,santa_maria,2023-08-30,590,2,0,,,,,,
brasilia,santa_maria,2023-08-31,591,3,0,,,,,,
brasilia,santa_maria,2023-09-01,592,6,0,,,,,,
brasilia,santa_maria,2023-09-02,593,2,0,,,,,,
brasilia,santa_maria,2023-09-03,594,1,0,,,,,,
brasilia,santa_maria,2023-09-05,596,4,0,,,,,,
brasilia,santa_maria,2023-09-06,597,2,0,,,,,,
brasilia,santa_maria,2023-09-08,599,9,0,,,,,,
brasilia,santa_maria,2023-09-09,600,6,0,,,,,,
brasilia,santa_maria,2023-09-10,601,5,0,,,,,,
brasilia,santa_maria,2023-09-11,602,5,0,,,,,,
brasilia,santa_maria,2023-09-12,603,3,0,,,,,,
brasilia,santa_maria,2023-09-13,604,4,0,,,,,,
brasilia,santa_maria,2023-09-14,605,3,0,,,,,,
brasilia,santa_maria,2023-09-15,606,13,0,,,,,,
brasilia,santa_maria,2023-09-16,607,15,0,,,,,,
brasilia,santa_maria,2023-09-17,608,10,0,,,,,,
brasilia,santa_maria,2023-09-18,609,10,0,,,,,,
brasilia,santa_maria,2023-09-19,610,12,0,,,,,,
brasilia,santa_maria,2023-09-20,611,15,0,,,,,,
brasilia,santa_maria,2023-09-21,612,9,0,,,,,,
brasilia,santa_maria,2023-09-22,613,4,0,,,,,,
brasilia,santa_maria,2023-09-23,614,11,0,,,,,,
brasilia,santa_maria,2023-09-24,615,7,0,,,,,,
brasilia,santa_maria,2023-09-25,616,13,0,,,,,,
brasilia,santa_maria,2023-09-26,617,11,0,,,,,,
brasilia,santa_maria,2023-09-27,618,16,0,,,,,,
brasilia,santa_maria,2023-09-28,619,8,0,,,,,,
brasilia,santa_maria,2023-09-29,620,7,0,,,,,,
brasilia,santa_maria,2023-09-30,621,6,0,,,,,,
brasilia,santa_maria,2023-10-01,622,4,0,,,,,,
brasilia,santa_maria,2023-10-02,623,9,0,,,,,,
brasilia,santa_maria,2023-10-03,624,8,0,,,,,,
brasilia,santa_maria,2023-10-04,625,8,0,,,,,,
brasilia,santa_maria,2023-10-05,626,6,0,,,,,,
brasilia,santa_maria,2023-10-06,627,13,0,,,,,,
brasilia,santa_maria,2023-10-07,628,6,0,,,,,,
brasilia,santa_maria,2023-10-08,629,8,0,,,,,,
brasilia,santa_maria,2023-10-09,630,9,0,,,,,,
brasilia,santa_maria,2023-10-10,631,16,0,,,,,,
brasilia,santa_maria,2023-10-11,632,10,0,,,,,,
brasilia,santa_maria,2023-10-12,633,9,0,,,,,,
brasilia,santa_maria,2023-10-13,634,11,0,,,,,,
brasilia,santa_maria,2023-10-14,635,5,0,,,,,,
brasilia,santa_maria,2023-10-15,636,8,0,,,,,,
brasilia,santa_maria,2023-10-16,637,10,0,,,,,,
brasilia,santa_maria,2023-10-17,638,11,0,,,,,,
brasilia,santa_maria,2023-10-18,639,10,0,,,,,,
brasilia,santa_maria,2023-10-19,640,10,0,,,,,,
brasilia,santa_maria,2023-10-20,641,14,0,,,,,,
brasilia,santa_maria,2023-10-21,642,8,0,,,,,,
brasilia,santa_maria,2023-10-22,643,10,0,,,,,,
brasilia,santa_maria,2023-10-23,644,9,0,,,,,,
brasilia,santa_maria,2023-10-24,645,9,0,,,,,,
brasilia,santa_maria,2023-10-25,646,5,0,,,,,,
brasilia,santa_maria,2023-10-26,647,4,0,,,,,,
brasilia,santa_maria,2023-10-27,648,4,0,,,,,,
brasilia,santa_maria,2023-10-28,649,5,0,,,,,,
brasilia,santa_maria,2023-10-29,650,1,0,,,,,,
brasilia,santa_maria,2023-10-31,652,8,0,,,,,,
brasilia,santa_maria,2023-11-01,653,7,0,,,,,,
brasilia,santa_maria,2023-11-02,654,1,0,,,,,,
brasilia,santa_maria,2023-11-03,655,6,0,,,,,,
brasilia,santa_maria,2023-11-05,657,4,0,,,,,,
brasilia,santa_maria,2023-11-06,658,1,0,,,,,,
brasilia,santa_maria,2023-11-07,659,2,0,,,,,,
brasilia,santa_maria,2023-11-08,660,3,0,,,,,,
brasilia,santa_maria,2023-11-09,661,2,0,,,,,,
brasilia,santa_maria,2023-11-10,662,8,0,,,,,,
brasilia,santa_maria,2023-11-12,664,1,0,,,,,,
brasilia,santa_maria,2023-11-13,665,4,0,,,,,,
brasilia,santa_maria,2023-11-14,666,1,0,,,,,,
brasilia,santa_maria,2023-11-15,667,2,0,,,,,,
brasilia,santa_maria,2023-11-16,668,2,0,,,,,,
brasilia,santa_maria,2023-11-17,669,1,0,,,,,,
brasilia,santa_maria,2023-11-19,671,1,0,,,,,,
brasilia,santa_maria,2023-11-20,672,1,0,,,,,,
brasilia,santa_maria,2023-11-21,673,1,0,,,,,,
brasilia,santa_maria,2023-11-22,674,2,0,,,,,,
brasilia,santa_maria,2023-11-23,675,1,0,,,,,,
brasilia,santa_maria,2023-11-24,676,3,0,,,,,,
brasilia,santa_maria,2023-11-25,677,2,0,,,,,,
brasilia,santa_maria,2023-11-26,678,1,0,,,,,,
brasilia,santa_maria,2023-11-27,679,2,0,,,,,,
brasilia,santa_maria,2023-11-29,681,1,0,,,,,,
brasilia,santa_maria,2023-12-03,685,1,0,,,,,,
brasilia,santa_maria,2023-12-04,686,2,0,,,,,,
brasilia,santa_maria,2023-12-05,687,3,0,,,,,,
brasilia,santa_maria,2023-12-06,688,2,0,,,,,,
brasilia,santa_maria,2023-12-08,690,2,0,,,,,,
brasilia,santa_maria,2023-12-10,692,1,0,,,,,,
brasilia,santa_maria,2023-12-15,697,2,0,,,,,,
brasilia,santa_maria,2023-12-18,700,2,0,,,,,,
brasilia,santa_maria,2023-12-20,702,1,0,,,,,,
brasilia,santa_maria,2023-12-21,703,1,0,,,,,,
brasilia,santa_maria,2023-12-22,704,1,0,,,,,,
brasilia,santa_maria,2023-12-28,710,2,0,,,,,,
brasilia,santa_maria,2023-12-30,712,1,0,,,,,,
brasilia,santa_maria,2023-12-31,713,1,0,,,,,,
brasilia,santa_maria,2024-01-02,715,1,0,,,,,,
brasilia,santa_maria,2024-01-03,716,1,0,,,,,,
brasilia,santa_maria,2024-01-06,719,1,0,,,,,,
brasilia,santa_maria,2024-01-09,722,1,0,,,,,,
brasilia,santa_maria,2024-01-10,723,1,0,,,,,,
brasilia,santa_maria,2024-01-13,726,1,0,,,,,,
brasilia,santa_maria,2024-01-14,727,3,0,,,,,,
brasilia,santa_maria,2024-01-15,728,3,0,,,,,,
brasilia,santa_maria,2024-01-16,729,2,0,,,,,,
brasilia,santa_maria,2024-01-17,730,2,0,,,,,,
brasilia,santa_maria,2024-01-18,731,1,0,,,,,,
brasilia,santa_maria,2024-01-19,732,1,0,,,,,,
brasilia,santa_maria,2024-01-20,733,3,0,,,,,,
brasilia,santa_maria,2024-01-21,734,1,0,,,,,,
brasilia,santa_maria,2024-01-22,735,2,0,,,,,,
brasilia,santa_maria,2024-01-23,736,4,0,,,,,,
brasilia,santa_maria,2024-01-24,737,3,0,,,,,,
brasilia,santa_maria,2024-01-25,738,4,0,,,,,,
brasilia,santa_maria,2024-01-26,739,2,0,,,,,,
brasilia,santa_maria,2024-01-27,740,1,0,,,,,,
brasilia,santa_maria,2024-01-28,741,1,0,,,,,,
brasilia,santa_maria,2024-01-29,742,3,0,,,,,,
brasilia,santa_maria,2024-01-30,743,6,0,,,,,,
brasilia,santa_maria,2024-01-31,744,2,0,,,,,,
brasilia,santa_maria,2024-02-01,745,4,0,,,,,,
brasilia,santa_maria,2024-02-02,746,1,0,,,,,,
